{"global_step": 38256, "_timestamp": 1684125428.2250347, "rollout/ep_len_mean": 65.41000366210938, "rollout/ep_rew_mean": 5.440998077392578, "rollout/exploration_rate": 0.8182839751243591, "time/fps": 55.0, "_runtime": 692.4466338157654, "_step": 144, "_wandb": {"runtime": 694}}