{"global_step": 147456, "_timestamp": 1683784122.0142791, "rollout/ep_len_mean": 67.30999755859375, "rollout/ep_rew_mean": -93.3689956665039, "time/fps": 130.0, "train/approx_kl": 0.00554984575137496, "train/clip_fraction": 0.0340983085334301, "train/clip_range": 0.20000000298023224, "train/entropy_loss": -5.522758960723877, "train/explained_variance": 0.009230613708496094, "train/learning_rate": 0.0003000000142492354, "train/loss": 64.21582794189453, "train/policy_gradient_loss": -0.0006902642198838294, "train/value_loss": 222.25538635253906, "_runtime": 1138.1783521175385, "_step": 5}